{
   "dashboards": [{
      "autoswitchEnabled": false,
      "columnCount": 1,
      "columnProportion": "1",
      "creationTime": 1589310470482,
      "dashboardNavigations": {},
      "description": "",
      "disabled": false,
      "gridsterMaxColumns": 12,
      "hidden": false,
      "homeTab": false,
      "id": "cd3899b3-de1e-41d4-8eb7-c7461984abf0",
      "importAttempts": 0,
      "importComplete": true,
      "lastUpdateTime": 1604958350870,
      "lastUpdateUserId": "dab6e838-4b66-4731-a009-2868f9cca4db",
      "locked": false,
      "name": "VM Troubleshooting",
      "rank": 0,
      "shared": false,
      "states": [{
         "key": "permDashboardTime_dashboard_cd3899b3-de1e-41d4-8eb7-c7461984abf0",
         "value": "o%3AdateRange%3Ds%253Alast6Hour%5EdateRangeText%3Ds%253A6H"
      }],
      "temporary": false,
      "userId": "dab6e838-4b66-4731-a009-2868f9cca4db",
      "widgetInteractions": [
         {
            "type": "resourceId",
            "widgetIdProvider": "52a2ac4a-f8e0-4f83-a56e-f2f6bcfb37f9",
            "widgetIdReceiver": "d0e03a1b-e973-4a2f-a077-0f81a4f3c111"
         },
         {
            "type": "resourceId",
            "widgetIdProvider": "52a2ac4a-f8e0-4f83-a56e-f2f6bcfb37f9",
            "widgetIdReceiver": "cf1762e5-7f20-43c4-bd1e-132f596bb2a1"
         },
         {
            "type": "resourceId",
            "widgetIdProvider": "52a2ac4a-f8e0-4f83-a56e-f2f6bcfb37f9",
            "widgetIdReceiver": "192fa1a0-8efe-4740-9b3e-10a3d9d07b7f"
         },
         {
            "type": "resourceId",
            "widgetIdProvider": "52a2ac4a-f8e0-4f83-a56e-f2f6bcfb37f9",
            "widgetIdReceiver": "8f0e3691-cffa-4d45-80e3-47c08e425288"
         },
         {
            "type": "resourceId",
            "widgetIdProvider": "52a2ac4a-f8e0-4f83-a56e-f2f6bcfb37f9",
            "widgetIdReceiver": "75d93bff-a54d-43da-bf9c-96d408213416"
         },
         {
            "type": "resourceId",
            "widgetIdProvider": "52a2ac4a-f8e0-4f83-a56e-f2f6bcfb37f9",
            "widgetIdReceiver": "84a73883-7e6c-4660-82ec-655e45910a20"
         },
         {
            "type": "resourceId",
            "widgetIdProvider": "52a2ac4a-f8e0-4f83-a56e-f2f6bcfb37f9",
            "widgetIdReceiver": "16e1524d-15f3-4ffb-afaf-d18db47dfea1"
         }
      ],
      "widgets": [
         {
            "collapsed": false,
            "config": {
               "chartViewItems": [],
               "isUpdatedView": true,
               "refreshContent": {"refreshContent": true},
               "refreshInterval": 300,
               "resource": {
                  "id": "Ext.vcops.chrome.model.Resource-2",
                  "resourceId": "resource:id:0_::_",
                  "resourceKindId": "002006VMWAREvSphere World",
                  "resourceName": "vSphere World",
                  "traversalSpecId": ""
               },
               "selectFirstRow": {"selectFirstRow": false},
               "selfProvider": {"selfProvider": true},
               "title": "Search and Select the VM",
               "traversalSpecId": null,
               "viewDefinitionId": "876093e7-d25a-41b5-a1a2-aa48f3e426f5"
            },
            "gridsterCoords": {
               "h": 10,
               "w": 5,
               "x": 1,
               "y": 1
            },
            "height": 552,
            "id": "52a2ac4a-f8e0-4f83-a56e-f2f6bcfb37f9",
            "states": [
               {
                  "key": "permSelectedDate_widget_cd3899b3-de1e-41d4-8eb7-c7461984abf0_52a2ac4a-f8e0-4f83-a56e-f2f6bcfb37f9",
                  "value": "s%3A%7B%22minType%22%3A%22.TimeIntervalControl%22%2C%22advancedTimeMode%22%3Atrue%2C%22fromTime%22%3Anull%2C%22unit%22%3A%22YEARS%22%2C%22count%22%3A2%2C%22priorUnit%22%3Anull%2C%22priorCount%22%3Anull%2C%22startSubUnit%22%3Anull%2C%22startPeriod%22%3A%22PREVIOUS%22%2C%22toTime%22%3Anull%2C%22endUnit%22%3Anull%2C%22endCount%22%3Anull%2C%22endSubUnit%22%3Anull%2C%22endPeriod%22%3A%22NOW%22%7D"
               },
               {
                  "key": "perm_toolbarVisible_widget_cd3899b3-de1e-41d4-8eb7-c7461984abf0_52a2ac4a-f8e0-4f83-a56e-f2f6bcfb37f9",
                  "value": "b%3A1"
               }
            ],
            "title": "Search and Select the VM",
            "type": "View"
         },
         {
            "collapsed": false,
            "config": {
               "boxColumns": 2,
               "boxHeight": 86,
               "customFilter": {
                  "excludedResources": null,
                  "filter": [],
                  "includedResources": null
               },
               "depth": 1,
               "labelSize": 14,
               "maxCellCount": 100,
               "metric": {
                  "mode": "resourceKind",
                  "resourceKindMetrics": [
                     {
                        "colorMethod": 1,
                        "id": "extModel161057-1",
                        "isStringMetric": false,
                        "label": "CPU Demand",
                        "link": "",
                        "metricKey": "cpu|demandPct",
                        "metricName": "CPU|Demand",
                        "metricUnitId": -1,
                        "orangeBound": null,
                        "redBound": null,
                        "resourceKindId": "resourceKind:id:0_::_",
                        "resourceKindName": "Virtual Machine",
                        "unit": "Auto",
                        "yellowBound": null
                     },
                     {
                        "colorMethod": 1,
                        "id": "extModel161057-3",
                        "isStringMetric": false,
                        "label": "CPU Usage (%)",
                        "link": "",
                        "metricKey": "cpu|usage_average",
                        "metricName": "CPU|Usage",
                        "metricUnitId": -1,
                        "orangeBound": null,
                        "redBound": null,
                        "resourceKindId": "resourceKind:id:0_::_",
                        "resourceKindName": "Virtual Machine",
                        "unit": "Auto",
                        "yellowBound": null
                     },
                     {
                        "colorMethod": 1,
                        "id": "extModel161057-4",
                        "isStringMetric": false,
                        "label": "CPU Contention (%)",
                        "link": "",
                        "metricKey": "cpu|capacity_contentionPct",
                        "metricName": "CPU|Contention",
                        "metricUnitId": -1,
                        "orangeBound": null,
                        "redBound": null,
                        "resourceKindId": "resourceKind:id:0_::_",
                        "resourceKindName": "Virtual Machine",
                        "unit": "Auto",
                        "yellowBound": null
                     },
                     {
                        "colorMethod": 1,
                        "id": "extModel161057-5",
                        "isStringMetric": false,
                        "label": "CPU Ready (%)",
                        "link": "",
                        "metricKey": "cpu|readyPct",
                        "metricName": "CPU|Ready",
                        "metricUnitId": -1,
                        "orangeBound": null,
                        "redBound": null,
                        "resourceKindId": "resourceKind:id:0_::_",
                        "resourceKindName": "Virtual Machine",
                        "unit": "Auto",
                        "yellowBound": null
                     },
                     {
                        "colorMethod": 1,
                        "id": "extModel161057-6",
                        "isStringMetric": false,
                        "label": "Memory Usage (%)",
                        "link": "",
                        "metricKey": "mem|usage_average",
                        "metricName": "Memory|Usage",
                        "metricUnitId": -1,
                        "orangeBound": null,
                        "redBound": null,
                        "resourceKindId": "resourceKind:id:0_::_",
                        "resourceKindName": "Virtual Machine",
                        "unit": "Auto",
                        "yellowBound": null
                     },
                     {
                        "colorMethod": 1,
                        "id": "extModel161057-7",
                        "isStringMetric": false,
                        "label": "Memory Contention (%)",
                        "link": "",
                        "metricKey": "mem|host_contentionPct",
                        "metricName": "Memory|Contention",
                        "metricUnitId": -1,
                        "orangeBound": null,
                        "redBound": null,
                        "resourceKindId": "resourceKind:id:0_::_",
                        "resourceKindName": "Virtual Machine",
                        "unit": "Auto",
                        "yellowBound": null
                     },
                     {
                        "colorMethod": 1,
                        "id": "extModel3343-1",
                        "isStringMetric": false,
                        "label": "Virtual Disk Read Throughput",
                        "link": "",
                        "metricKey": "virtualDisk|read_average",
                        "metricName": "Virtual Disk|Read Throughput",
                        "metricUnitId": -1,
                        "orangeBound": null,
                        "redBound": null,
                        "resourceKindId": "resourceKind:id:0_::_",
                        "resourceKindName": "Virtual Machine",
                        "unit": "Auto",
                        "yellowBound": null
                     },
                     {
                        "colorMethod": 1,
                        "id": "extModel3343-2",
                        "isStringMetric": false,
                        "label": "Virtual Disk Write Throughput",
                        "link": "",
                        "metricKey": "virtualDisk|write_average",
                        "metricName": "Virtual Disk|Write Throughput",
                        "metricUnitId": -1,
                        "orangeBound": null,
                        "redBound": null,
                        "resourceKindId": "resourceKind:id:0_::_",
                        "resourceKindName": "Virtual Machine",
                        "unit": "Auto",
                        "yellowBound": null
                     },
                     {
                        "colorMethod": 1,
                        "id": "extModel3343-3",
                        "isStringMetric": false,
                        "label": "Virtual Disk Total Throughput",
                        "link": "",
                        "metricKey": "virtualDisk:Aggregate of all instances|usage",
                        "metricName": "Virtual Disk:Aggregate of all instances|Total Throughput",
                        "metricUnitId": -1,
                        "orangeBound": null,
                        "redBound": null,
                        "resourceKindId": "resourceKind:id:0_::_",
                        "resourceKindName": "Virtual Machine",
                        "unit": "Auto",
                        "yellowBound": null
                     },
                     {
                        "colorMethod": 1,
                        "id": "extModel161057-10",
                        "isStringMetric": false,
                        "label": "Virtual Disk Latency",
                        "link": "",
                        "metricKey": "virtualDisk:Aggregate of all instances|totalLatency",
                        "metricName": "Virtual Disk:Aggregate of all instances|Total Latency",
                        "metricUnitId": -1,
                        "orangeBound": null,
                        "redBound": null,
                        "resourceKindId": "resourceKind:id:0_::_",
                        "resourceKindName": "Virtual Machine",
                        "unit": "Auto",
                        "yellowBound": null
                     },
                     {
                        "colorMethod": 1,
                        "id": "extModel161057-11",
                        "isStringMetric": false,
                        "label": "Total Disk Space",
                        "link": "",
                        "metricKey": "config|hardware|diskSpace",
                        "metricName": "Configuration|Hardware|Disk Space",
                        "metricUnitId": -1,
                        "orangeBound": null,
                        "redBound": null,
                        "resourceKindId": "resourceKind:id:0_::_",
                        "resourceKindName": "Virtual Machine",
                        "unit": "Auto",
                        "yellowBound": null
                     },
                     {
                        "colorMethod": 1,
                        "id": "extModel161057-12",
                        "isStringMetric": false,
                        "label": "Snapshot Space",
                        "link": "",
                        "metricKey": "diskspace|snapshot",
                        "metricName": "Disk Space|Snapshot Space",
                        "metricUnitId": -1,
                        "orangeBound": null,
                        "redBound": null,
                        "resourceKindId": "resourceKind:id:0_::_",
                        "resourceKindName": "Virtual Machine",
                        "unit": "Auto",
                        "yellowBound": null
                     },
                     {
                        "colorMethod": 1,
                        "id": "extModel161057-13",
                        "isStringMetric": false,
                        "label": "Guest Fİle System Usage (%)",
                        "link": "",
                        "metricKey": "guestfilesystem|percentage_total",
                        "metricName": "Guest File System|Utilization",
                        "metricUnitId": -1,
                        "orangeBound": null,
                        "redBound": null,
                        "resourceKindId": "resourceKind:id:0_::_",
                        "resourceKindName": "Virtual Machine",
                        "unit": "Auto",
                        "yellowBound": null
                     },
                     {
                        "colorMethod": 1,
                        "id": "extModel161057-14",
                        "isStringMetric": false,
                        "label": "Guest File System Usage (GB)",
                        "link": "",
                        "metricKey": "guestfilesystem|usage_total",
                        "metricName": "Guest File System|Utilization",
                        "metricUnitId": -1,
                        "orangeBound": null,
                        "redBound": null,
                        "resourceKindId": "resourceKind:id:0_::_",
                        "resourceKindName": "Virtual Machine",
                        "unit": "Auto",
                        "yellowBound": null
                     },
                     {
                        "colorMethod": 1,
                        "id": "extModel14003-1",
                        "isStringMetric": false,
                        "label": "Datastore Read Throughput",
                        "link": "",
                        "metricKey": "datastore|read_average",
                        "metricName": "Datastore|Read Throughput",
                        "metricUnitId": -1,
                        "orangeBound": null,
                        "redBound": null,
                        "resourceKindId": "resourceKind:id:0_::_",
                        "resourceKindName": "Virtual Machine",
                        "unit": "Auto",
                        "yellowBound": null
                     },
                     {
                        "colorMethod": 1,
                        "id": "extModel14003-2",
                        "isStringMetric": false,
                        "label": "Datastore Write Throughput",
                        "link": "",
                        "metricKey": "datastore|write_average",
                        "metricName": "Datastore|Write Throughput",
                        "metricUnitId": -1,
                        "orangeBound": null,
                        "redBound": null,
                        "resourceKindId": "resourceKind:id:0_::_",
                        "resourceKindName": "Virtual Machine",
                        "unit": "Auto",
                        "yellowBound": null
                     },
                     {
                        "colorMethod": 1,
                        "id": "extModel161057-17",
                        "isStringMetric": false,
                        "label": "Datastore Latency",
                        "link": "",
                        "metricKey": "datastore:Aggregate of all instances|totalLatency_average",
                        "metricName": "Datastore:Aggregate of all instances|Total Latency",
                        "metricUnitId": -1,
                        "orangeBound": null,
                        "redBound": null,
                        "resourceKindId": "resourceKind:id:0_::_",
                        "resourceKindName": "Virtual Machine",
                        "unit": "Auto",
                        "yellowBound": null
                     },
                     {
                        "colorMethod": 1,
                        "handleOldColoring": false,
                        "id": "extModel2960-2",
                        "isStringMetric": false,
                        "label": "Data Transmit Rate",
                        "link": "",
                        "metricKey": "net|transmitted_average",
                        "metricName": "Network|Data Transmit Rate",
                        "metricUnitId": -1,
                        "orangeBound": null,
                        "redBound": null,
                        "resourceKindId": "resourceKind:id:0_::_",
                        "resourceKindName": "Virtual Machine",
                        "unit": "Auto",
                        "yellowBound": null
                     },
                     {
                        "colorMethod": 1,
                        "handleOldColoring": false,
                        "id": "extModel2960-1",
                        "isStringMetric": false,
                        "label": "Data Receive Rate",
                        "link": "",
                        "metricKey": "net|received_average",
                        "metricName": "Network|Data Receive Rate",
                        "metricUnitId": -1,
                        "orangeBound": null,
                        "redBound": null,
                        "resourceKindId": "resourceKind:id:0_::_",
                        "resourceKindName": "Virtual Machine",
                        "unit": "Auto",
                        "yellowBound": null
                     },
                     {
                        "colorMethod": 1,
                        "handleOldColoring": false,
                        "id": "extModel14060-4",
                        "isStringMetric": false,
                        "label": "Packets Dropped (%)",
                        "link": "",
                        "metricKey": "net:Aggregate of all instances|droppedPct",
                        "metricName": "Network:Aggregate of all instances|Packets Dropped",
                        "metricUnitId": -1,
                        "orangeBound": null,
                        "redBound": null,
                        "resourceKindId": "resourceKind:id:0_::_",
                        "resourceKindName": "Virtual Machine",
                        "unit": "Auto",
                        "yellowBound": null
                     }
                  ],
                  "resourceMetrics": [],
                  "subMode": "resourceKindAll"
               },
               "mode": {"layoutMode": "fixedSize"},
               "oldMetricValues": true,
               "periodLength": "dashboardTime",
               "refreshContent": {"refreshContent": true},
               "refreshInterval": 300,
               "relationshipMode": {"relationshipMode": 0},
               "resInteractionMode": null,
               "resource": [],
               "roundDecimals": 2,
               "selfProvider": {"selfProvider": false},
               "showDT": {"showDT": false},
               "showMetricName": {"showMetricName": true},
               "showMetricUnit": {"showMetricUnit": true},
               "showResourceName": {"showResourceName": false},
               "showSparkline": {"showSparkline": true},
               "title": "VM's Performance Details",
               "valueSize": 18,
               "visualTheme": 8
            },
            "gridsterCoords": {
               "h": 17,
               "w": 4,
               "x": 9,
               "y": 1
            },
            "height": 951,
            "id": "d0e03a1b-e973-4a2f-a077-0f81a4f3c111",
            "title": "VM's Performance Details",
            "type": "Scoreboard"
         },
         {
            "collapsed": false,
            "config": {
               "boxColumns": 1,
               "boxHeight": 56,
               "customFilter": {
                  "excludedResources": null,
                  "filter": [],
                  "includedResources": null
               },
               "depth": 1,
               "labelSize": 14,
               "maxCellCount": 100,
               "metric": {
                  "mode": "resourceKind",
                  "resourceKindMetrics": [
                     {
                        "colorMethod": 2,
                        "id": "extModel157548-1",
                        "isStringMetric": false,
                        "label": "Number of vCPU",
                        "link": "",
                        "metricKey": "config|hardware|num_Cpu",
                        "metricName": "Configuration|Hardware|Number of CPUs",
                        "metricUnitId": "7004",
                        "orangeBound": null,
                        "redBound": null,
                        "resourceKindId": "resourceKind:id:0_::_",
                        "resourceKindName": "Virtual Machine",
                        "unit": "vCPUs",
                        "yellowBound": null
                     },
                     {
                        "colorMethod": 2,
                        "id": "extModel157548-2",
                        "isStringMetric": false,
                        "label": "Memory Capacity",
                        "link": "",
                        "metricKey": "config|hardware|memoryKB",
                        "metricName": "Configuration|Hardware|Memory",
                        "metricUnitId": "gb",
                        "orangeBound": null,
                        "redBound": null,
                        "resourceKindId": "resourceKind:id:0_::_",
                        "resourceKindName": "Virtual Machine",
                        "unit": "GB",
                        "yellowBound": null
                     },
                     {
                        "colorMethod": 2,
                        "id": "extModel159336-1",
                        "isStringMetric": false,
                        "label": "Disk Capacity",
                        "link": "",
                        "metricKey": "config|hardware|diskSpace",
                        "metricName": "Configuration|Hardware|Disk Space",
                        "metricUnitId": -1,
                        "orangeBound": null,
                        "redBound": null,
                        "resourceKindId": "resourceKind:id:0_::_",
                        "resourceKindName": "Virtual Machine",
                        "unit": "Auto",
                        "yellowBound": null
                     },
                     {
                        "colorMethod": 2,
                        "id": "extModel159336-2",
                        "isStringMetric": true,
                        "label": "Thin Disk (True/False)",
                        "link": "",
                        "metricKey": "config|hardware|thinEnabled",
                        "metricName": "Configuration|Hardware|Thin Provisioned Disk",
                        "metricUnitId": null,
                        "orangeBound": null,
                        "redBound": null,
                        "resourceKindId": "resourceKind:id:0_::_",
                        "resourceKindName": "Virtual Machine",
                        "unit": null,
                        "yellowBound": null
                     },
                     {
                        "colorMethod": 2,
                        "id": "extModel159336-4",
                        "isStringMetric": true,
                        "label": "Operating System",
                        "link": "",
                        "metricKey": "summary|guest|fullName",
                        "metricName": "Summary|Guest Operating System|Guest OS from Tools",
                        "metricUnitId": null,
                        "orangeBound": null,
                        "redBound": null,
                        "resourceKindId": "resourceKind:id:0_::_",
                        "resourceKindName": "Virtual Machine",
                        "unit": null,
                        "yellowBound": null
                     },
                     {
                        "colorMethod": 2,
                        "id": "extModel159336-5",
                        "isStringMetric": true,
                        "label": "IP Address",
                        "link": "",
                        "metricKey": "summary|guest|ipAddress",
                        "metricName": "Summary|Guest Operating System|Guest OS IP Address",
                        "metricUnitId": null,
                        "orangeBound": null,
                        "redBound": null,
                        "resourceKindId": "resourceKind:id:0_::_",
                        "resourceKindName": "Virtual Machine",
                        "unit": null,
                        "yellowBound": null
                     },
                     {
                        "colorMethod": 2,
                        "id": "extModel159336-6",
                        "isStringMetric": true,
                        "label": "Hardware Version",
                        "link": "",
                        "metricKey": "config|version",
                        "metricName": "Configuration|Version",
                        "metricUnitId": null,
                        "orangeBound": null,
                        "redBound": null,
                        "resourceKindId": "resourceKind:id:0_::_",
                        "resourceKindName": "Virtual Machine",
                        "unit": null,
                        "yellowBound": null
                     },
                     {
                        "colorMethod": 2,
                        "id": "extModel159336-7",
                        "isStringMetric": true,
                        "label": "VMware Tools Version",
                        "link": "",
                        "metricKey": "summary|guest|toolsVersion",
                        "metricName": "Summary|Guest Operating System|Tools Version",
                        "metricUnitId": null,
                        "orangeBound": null,
                        "redBound": null,
                        "resourceKindId": "resourceKind:id:0_::_",
                        "resourceKindName": "Virtual Machine",
                        "unit": null,
                        "yellowBound": null
                     },
                     {
                        "colorMethod": 2,
                        "id": "extModel159336-8",
                        "isStringMetric": true,
                        "label": "VMware Tools Status",
                        "link": "",
                        "metricKey": "summary|guest|toolsVersionStatus2",
                        "metricName": "Summary|Guest Operating System|Tools Version Status",
                        "metricUnitId": null,
                        "orangeBound": null,
                        "redBound": null,
                        "resourceKindId": "resourceKind:id:0_::_",
                        "resourceKindName": "Virtual Machine",
                        "unit": null,
                        "yellowBound": null
                     },
                     {
                        "colorMethod": 2,
                        "id": "extModel159336-11",
                        "isStringMetric": true,
                        "label": "Parent vCenter",
                        "link": "",
                        "metricKey": "summary|parentVcenter",
                        "metricName": "Summary|Parent vCenter",
                        "metricUnitId": null,
                        "orangeBound": null,
                        "redBound": null,
                        "resourceKindId": "resourceKind:id:0_::_",
                        "resourceKindName": "Virtual Machine",
                        "unit": null,
                        "yellowBound": null
                     },
                     {
                        "colorMethod": 2,
                        "id": "extModel159336-9",
                        "isStringMetric": true,
                        "label": "Parent Datacenter",
                        "link": "",
                        "metricKey": "summary|parentDatacenter",
                        "metricName": "Summary|Parent Datacenter",
                        "metricUnitId": null,
                        "orangeBound": null,
                        "redBound": null,
                        "resourceKindId": "resourceKind:id:0_::_",
                        "resourceKindName": "Virtual Machine",
                        "unit": null,
                        "yellowBound": null
                     },
                     {
                        "colorMethod": 2,
                        "id": "extModel159336-10",
                        "isStringMetric": true,
                        "label": "Parent Cluster",
                        "link": "",
                        "metricKey": "summary|parentCluster",
                        "metricName": "Summary|Parent Cluster",
                        "metricUnitId": null,
                        "orangeBound": null,
                        "redBound": null,
                        "resourceKindId": "resourceKind:id:0_::_",
                        "resourceKindName": "Virtual Machine",
                        "unit": null,
                        "yellowBound": null
                     },
                     {
                        "colorMethod": 2,
                        "id": "extModel159336-12",
                        "isStringMetric": true,
                        "label": "Parent Host",
                        "link": "",
                        "metricKey": "summary|parentHost",
                        "metricName": "Summary|Parent Host",
                        "metricUnitId": null,
                        "orangeBound": null,
                        "redBound": null,
                        "resourceKindId": "resourceKind:id:0_::_",
                        "resourceKindName": "Virtual Machine",
                        "unit": null,
                        "yellowBound": null
                     },
                     {
                        "colorMethod": 2,
                        "id": "extModel5759-1",
                        "isStringMetric": false,
                        "label": "Recommended Memory Increase",
                        "link": "",
                        "metricKey": "summary|undersized|memory",
                        "metricName": "Summary|Undersized|Memory",
                        "metricUnitId": "gb",
                        "orangeBound": null,
                        "redBound": null,
                        "resourceKindId": "resourceKind:id:0_::_",
                        "resourceKindName": "Virtual Machine",
                        "unit": "GB",
                        "yellowBound": null
                     },
                     {
                        "colorMethod": 2,
                        "id": "extModel5759-2",
                        "isStringMetric": false,
                        "label": "Recommended vCPU Increase",
                        "link": "",
                        "metricKey": "summary|undersized|vcpus",
                        "metricName": "Summary|Undersized|Virtual CPUs",
                        "metricUnitId": null,
                        "orangeBound": null,
                        "redBound": null,
                        "resourceKindId": "resourceKind:id:0_::_",
                        "resourceKindName": "Virtual Machine",
                        "unit": null,
                        "yellowBound": null
                     }
                  ],
                  "resourceMetrics": [],
                  "subMode": "resourceKindAll"
               },
               "mode": {"layoutMode": "fixedSize"},
               "oldMetricValues": false,
               "periodLength": null,
               "refreshContent": {"refreshContent": true},
               "refreshInterval": 300,
               "relationshipMode": {"relationshipMode": 0},
               "resInteractionMode": null,
               "resource": [],
               "roundDecimals": null,
               "selfProvider": {"selfProvider": false},
               "showDT": {"showDT": false},
               "showMetricName": {"showMetricName": true},
               "showMetricUnit": {"showMetricUnit": true},
               "showResourceName": {"showResourceName": false},
               "showSparkline": {"showSparkline": false},
               "title": "VM's Configuration Details",
               "valueSize": 16,
               "visualTheme": 3
            },
            "gridsterCoords": {
               "h": 17,
               "w": 3,
               "x": 6,
               "y": 1
            },
            "height": 951,
            "id": "cf1762e5-7f20-43c4-bd1e-132f596bb2a1",
            "title": "VM's Configuration Details",
            "type": "Scoreboard"
         },
         {
            "collapsed": false,
            "config": {
               "refreshContent": {"refreshContent": true},
               "refreshInterval": 300,
               "resource": null,
               "selfProvider": {"selfProvider": false},
               "title": "VM's Workload Pattern"
            },
            "gridsterCoords": {
               "h": 6,
               "w": 3,
               "x": 1,
               "y": 18
            },
            "height": 324,
            "id": "192fa1a0-8efe-4740-9b3e-10a3d9d07b7f",
            "title": "VM's Workload Pattern",
            "type": "IntSummaryStress"
         },
         {
            "collapsed": false,
            "config": {
               "impactedBadge": "",
               "refreshContent": {"refreshContent": true},
               "refreshInterval": 300,
               "relationshipMode": {"relationshipMode": [
                  -1,
                  0
               ]},
               "resource": null,
               "selfProvider": {"selfProvider": false},
               "title": "Active alerts on Selected VM",
               "topIssuesDisplayLimit": 5
            },
            "gridsterCoords": {
               "h": 7,
               "w": 5,
               "x": 1,
               "y": 11
            },
            "height": 381,
            "id": "8f0e3691-cffa-4d45-80e3-47c08e425288",
            "title": "Active alerts on Selected VM",
            "type": "ProblemAlertsList"
         },
         {
            "collapsed": false,
            "config": {
               "customFilter": {
                  "excludedResources": null,
                  "filter": [],
                  "includedResources": null
               },
               "depth": "4,3",
               "filterMode": "tagPicker",
               "refreshContent": {"refreshContent": true},
               "refreshInterval": 300,
               "resourceId": null,
               "resourceName": null,
               "selfProvider": {"selfProvider": false},
               "tagFilter": null,
               "title": "VM's Relationships",
               "traversalSpecId": ""
            },
            "gridsterCoords": {
               "h": 7,
               "w": 12,
               "x": 1,
               "y": 24
            },
            "height": 381,
            "id": "75d93bff-a54d-43da-bf9c-96d408213416",
            "states": [{
               "key": "perm_ResourceRelationshipTree_widget_cd3899b3-de1e-41d4-8eb7-c7461984abf0_75d93bff-a54d-43da-bf9c-96d408213416",
               "value": "o%3A"
            }],
            "title": "VM's Relationships",
            "type": "ResourceRelationshipAdvanced"
         },
         {
            "collapsed": false,
            "config": {
               "refreshContent": {"refreshContent": true},
               "refreshInterval": 300,
               "resource": null,
               "selfProvider": {"selfProvider": false},
               "title": "Capacity Time Remaining"
            },
            "gridsterCoords": {
               "h": 6,
               "w": 4,
               "x": 4,
               "y": 18
            },
            "height": 323,
            "id": "84a73883-7e6c-4660-82ec-655e45910a20",
            "title": "Capacity Time Remaining",
            "type": "IntSummaryTimeRemaining"
         },
         {
            "collapsed": false,
            "config": {
               "refreshContent": {"refreshContent": true},
               "refreshInterval": 300,
               "resource": null,
               "selfProvider": {"selfProvider": false},
               "title": "Capacity Remaining"
            },
            "gridsterCoords": {
               "h": 6,
               "w": 5,
               "x": 8,
               "y": 18
            },
            "height": 324,
            "id": "16e1524d-15f3-4ffb-afaf-d18db47dfea1",
            "title": "Capacity Remaining",
            "type": "IntSummaryCapacity"
         }
      ]
   }],
   "entries": {
      "resource": [{
         "adapterKindKey": "VMWARE",
         "identifiers": [],
         "internalId": "resource:id:0_::_",
         "name": "vSphere World",
         "resourceKindKey": "vSphere World"
      }],
      "resourceKind": [{
         "adapterKindKey": "VMWARE",
         "internalId": "resourceKind:id:0_::_",
         "resourceKindKey": "VirtualMachine"
      }]
   },
   "uuid": "3d64bccc-c683-4ebb-a139-e210a954c969"
}